Course Name,Platform,Level,Description,URL,,
Data Science for Beginners,Coursera,Basic,Introduction to Data Science concepts and tools,https://example.com/course1,,
Python for Data Science,Udemy,Basic,Learn Python basics tailored for Data Science,https://example.com/course2,,
Machine Learning A-Z,Udemy,Moderate,Comprehensive guide to Machine Learning algorithms and applications,https://example.com/course3,,
Data Analysis with Excel,Coursera,Moderate,Data Analysis techniques using Microsoft Excel,https://example.com/course4,,
Deep Learning Specialization,Coursera,Advanced,Explore Neural Networks and their advanced applications,https://example.com/course5,,
Advanced NLP with Transformers,Udemy,Advanced,State-of-the-art NLP techniques including transformers,https://example.com/course6,,
Power BI for Data Visualization,Coursera,Moderate,Master Data Visualization with Power BI,https://example.com/course7,,
Introduction to AI,Udemy,Basic,Basics of Artificial Intelligence concepts and applications,https://example.com/course8,,
Generative AI Masterclass,Coursera,Advanced,Dive deep into Generative AI and its real-world uses,https://example.com/course9,,
SQL for Data Science,Coursera,Basic,SQL fundamentals for querying and managing data,https://example.com/course10,,
Python Data Structures,Coursera,Basic,Learn about Python data structures in depth,https://example.com/course11,,
Statistics for Data Science,Udemy,Moderate,A beginner to moderate level statistics course,https://example.com/course12,,
R Programming for Data Science,Coursera,Moderate,Introduction to R programming for data science applications,https://example.com/course13,,
TensorFlow for Deep Learning,Udemy,Advanced,Build advanced neural networks with TensorFlow,https://example.com/course14,,
Big Data Basics,Udemy,Basic,An introductory course to Big Data concepts,https://example.com/course15,,
Applied Machine Learning,Coursera,Moderate,Learn how to implement ML algorithms in Python,https://example.com/course16,,
Advanced Data Visualization with Python,Udemy,Advanced,Explore advanced visualization libraries in Python,https://example.com/course17,,
Natural Language Processing Fundamentals,Coursera,Basic,Learn NLP basics with real-world examples,https://example.com/course18,,
Intermediate Python for Data Science,Udemy,Moderate,Build on Python fundamentals for data analysis,https://example.com/course19,,
AI and Machine Learning for Beginners,Coursera,Basic,Understand foundational concepts of AI and ML,https://example.com/course20,,
Computer Vision with OpenCV,Udemy,Advanced,Master computer vision techniques with OpenCV,https://example.com/course21,,
Bayesian Statistics and Probabilities,Coursera,Moderate,Understand Bayesian methods for data analysis,https://example.com/course22,,
Cloud Computing for Data Science,Coursera,Moderate,Explore cloud services for data processing,https://example.com/course23,,
Reinforcement Learning Specialization,Coursera,Advanced,Comprehensive course on RL algorithms,https://example.com/course24,,
AI Product Management,Coursera,Moderate,Learn to manage AI projects and teams effectively,https://example.com/course25,,
Python for Big Data,Udemy,Moderate,Use Python for large-scale data analysis,https://example.com/course26,,
Big Data Analytics,Coursera,Advanced,Learn Hadoop, Spark, and big data ecosystems,https://example.com/course27
Data Wrangling with Pandas,Udemy,Moderate,Master data preprocessing with Pandas,https://example.com/course28,,
Data Science for Finance,Coursera,Moderate,Applications of data science in financial markets,https://example.com/course29,,
Advanced Data Science Capstone,Coursera,Advanced,Apply data science skills in real-world projects,https://example.com/course30,,
Introduction to Graph Algorithms,Coursera,Basic,Learn about graph theory and algorithms,https://example.com/course31,,
Feature Engineering for Machine Learning,Udemy,Moderate,Create impactful features for ML models,https://example.com/course32,,
Predictive Analytics Specialization,Coursera,Moderate,Build and deploy predictive models,https://example.com/course33,,
Text Mining and Sentiment Analysis,Udemy,Advanced,Master advanced NLP techniques for text data,https://example.com/course34,,
Deep Learning for NLP,Coursera,Advanced,Advanced deep learning techniques for NLP,https://example.com/course35,,
Data Ethics and Privacy,Coursera,Moderate,Understand ethical considerations in data science,https://example.com/course36,,
Introduction to Tableau,Coursera,Basic,Learn to create dashboards in Tableau,https://example.com/course37,,
Advanced Time Series Analysis,Coursera,Advanced,Explore forecasting methods for time-series data,https://example.com/course38,,
Big Data for Business,Udemy,Moderate,Applications of big data in business strategies,https://example.com/course39,,
Python Automation for Data Science,Coursera,Moderate,Automate workflows with Python scripts,https://example.com/course40,,
Introduction to AI in Healthcare,Coursera,Basic,Learn AI applications in the healthcare sector,https://example.com/course41,,
Advanced SQL for Data Science,Udemy,Advanced,Master advanced SQL queries for data manipulation,https://example.com/course42,,
Applied Reinforcement Learning,Coursera,Advanced,Practical reinforcement learning applications,https://example.com/course43,,
Data Science in Marketing,Udemy,Moderate,Learn how to use data science in marketing analytics,https://example.com/course44,,
Data Engineering Foundations,Coursera,Basic,Introduction to data pipelines and ETL,https://example.com/course45,,
MLOps for Data Science,Coursera,Advanced,Deploy machine learning models in production,https://example.com/course46,,
Introduction to Data Security,Coursera,Basic,Learn security fundamentals for data protection,https://example.com/course47,,
Intermediate Machine Learning,Udemy,Moderate,Take your ML skills to the next level,https://example.com/course48,,
Practical AI for Robotics,Coursera,Advanced,Implement AI techniques in robotics projects,https://example.com/course49,,
Fundamentals of Data Storytelling,Coursera,Basic,Learn how to effectively communicate insights,https://example.com/course50,,
Advanced Python for Data Science,Udemy,Advanced,Enhance Python skills for advanced data science applications,https://example.com/course51,,
Data Cleaning Mastery,Coursera,Moderate,Learn effective techniques for cleaning messy data,https://example.com/course52,,
Introduction to Hadoop and Spark,Udemy,Basic,Explore the basics of Hadoop and Spark frameworks,https://example.com/course53,,
AI for Cybersecurity,Coursera,Moderate,Learn how AI is transforming cybersecurity,https://example.com/course54,,
Building Recommender Systems,Udemy,Advanced,Master techniques to build recommendation engines,https://example.com/course55,,
Introduction to Data Visualization,Coursera,Basic,Learn basic data visualization techniques,https://example.com/course56,,
Machine Learning for Healthcare,Coursera,Moderate,Applications of ML in the healthcare industry,https://example.com/course57,,
Big Data Engineering with Apache Spark,Udemy,Advanced,Master data engineering techniques with Spark,https://example.com/course58,,
Deep Reinforcement Learning,Coursera,Advanced,Advanced techniques in reinforcement learning,https://example.com/course59,,
Introduction to Data Warehousing,Udemy,Basic,Learn the basics of data warehousing,https://example.com/course60,,
Data Storytelling with Tableau,Coursera,Moderate,Create compelling stories using Tableau dashboards,https://example.com/course61,,
AI in Business Strategy,Coursera,Moderate,Explore AI's role in shaping business strategies,https://example.com/course62,,
Predictive Analytics with Python,Udemy,Moderate,Build predictive models using Python,https://example.com/course63,,
Neural Networks and Deep Learning,Coursera,Basic,Foundations of neural networks and their applications,https://example.com/course64,,
Advanced Statistics for Data Science,Udemy,Advanced,Dive deep into statistical methods for data science,https://example.com/course65,,
Time Series Forecasting,Coursera,Moderate,Learn forecasting techniques for time series data,https://example.com/course66,,
Big Data on AWS,Udemy,Advanced,Explore big data tools available on AWS,https://example.com/course67,,
AI and Ethics,Coursera,Basic,Understand ethical challenges in AI,https://example.com/course68,,
Data Science for Social Good,Coursera,Moderate,Learn how to apply data science to solve social problems,https://example.com/course69,,
Advanced Visualization with D3.js,Udemy,Advanced,Master interactive data visualizations with D3.js,https://example.com/course70,,
Introduction to ETL Pipelines,Coursera,Basic,Learn how to design ETL pipelines,https://example.com/course71,,
Data Science in Sports Analytics,Udemy,Moderate,Applications of data science in sports,https://example.com/course72,,
Deep Learning with PyTorch,Coursera,Advanced,Implement deep learning models using PyTorch,https://example.com/course73,,
Building Dashboards with Power BI,Coursera,Moderate,Create powerful dashboards using Power BI,https://example.com/course74,,
NLP with SpaCy,Udemy,Moderate,Learn how to use SpaCy for NLP applications,https://example.com/course75,,
Big Data Visualization,Coursera,Advanced,Visualizing big data with specialized tools,https://example.com/course76,,
Data Science for Environmental Applications,Coursera,Moderate,Explore data science solutions for environmental problems,https://example.com/course77,,
Deep Learning for Computer Vision,Udemy,Advanced,Master computer vision with advanced deep learning,https://example.com/course78,,
Fundamentals of Machine Learning,Coursera,Basic,A beginner's guide to machine learning concepts,https://example.com/course79,,
AI in Financial Markets,Coursera,Moderate,Applications of AI in trading and investment,https://example.com/course80,,
Blockchain for Data Science,Udemy,Advanced,Learn the intersection of blockchain and data science,https://example.com/course81,,
Data Science in Media and Entertainment,Coursera,Moderate,Analyze trends and insights in media using data science,https://example.com/course82,,
Machine Learning Pipelines,Coursera,Advanced,Automate ML workflows using pipelines,https://example.com/course83,,
Data Science for Startups,Udemy,Basic,Understand data science applications in startups,https://example.com/course84,,
Introduction to Graph Databases,Coursera,Basic,Learn the basics of graph databases like Neo4j,https://example.com/course85,,
AI for Product Design,Coursera,Moderate,Explore AI-driven product design techniques,https://example.com/course86,,
Explainable AI (XAI),Udemy,Advanced,Learn techniques to make AI models interpretable,https://example.com/course87,,
Data Science in Retail,Coursera,Moderate,Apply data science techniques to optimize retail strategies,https://example.com/course88,,
Advanced Regression Techniques,Coursera,Advanced,Master advanced regression analysis for data science,https://example.com/course89,,
Data Preprocessing for ML,Coursera,Moderate,Learn best practices for data preparation,https://example.com/course90,,
AI in Customer Support,Coursera,Moderate,Explore AI applications in enhancing customer experience,https://example.com/course91,,
Building AI Assistants,Udemy,Advanced,Learn to create AI-powered virtual assistants,https://example.com/course92,,
Data Science for Urban Planning,Coursera,Moderate,Apply data science to solve urban development challenges,https://example.com/course93,,
Introduction to NoSQL Databases,Coursera,Basic,Learn fundamentals of NoSQL databases like MongoDB,https://example.com/course94,,
AI for Autonomous Vehicles,Udemy,Advanced,Master AI techniques for self-driving cars,https://example.com/course95,,
Data Science in Supply Chain,Coursera,Moderate,Optimize supply chains with data-driven insights,https://example.com/course96,,
Ethics in Data Visualization,Coursera,Basic,Understand ethical considerations in data storytelling,https://example.com/course97,,
Data Science in Agriculture,Coursera,Moderate,Learn how data science is transforming agriculture,https://example.com/course98,,
Advanced AI Algorithms,Coursera,Advanced,Dive deep into cutting-edge AI algorithms,https://example.com/course99,,
Introduction to Data Fusion,Coursera,Basic,Learn techniques to combine multiple data sources,https://example.com/course100,,
Natural Language Processing,Coursera,Moderate,Learn to implement NLP tasks using Python libraries like NLTK and SpaCy.,Course Link,,
Natural Language Processing,Udemy,Advanced,Master NLP concepts and techniques including deep learning methods for NLP.,Course Link,,
Natural Language Processing,Coursera,Moderate,"Explore deep learning for NLP using PyTorch, with hands-on projects and examples.",Course Link,,
Natural Language Processing,Coursera,Moderate,Apply deep learning to natural language processing tasks using Python libraries.,Course Link,,
Natural Language Processing,Udemy,Advanced,"Understand the basics of NLP, including text processing and machine learning.",Course Link,,
Artificial intelligence,Coursera,Moderate,"Learn the fundamentals of artificial intelligence, its applications, and impact.",Course Link,,
Artificial intelligence,Coursera,Basic,Build AI systems from scratch using machine learning and deep learning algorithms.,Course Link,,
Artificial intelligence,Coursera,Advanced,Dive into reinforcement learning techniques and apply them using Python.,Course Link,,
Artificial intelligence,Coursera,Moderate,"Introduction to AI concepts, including search algorithms, optimization, and more.",Course Link,,
Artificial intelligence,Coursera,Basic,Learn practical AI applications in industries like healthcare and finance.,Course Link,,
Deep Learning,Coursera,Moderate,A comprehensive series of courses teaching deep learning techniques and architectures.,Course Link,,
Deep Learning,Udemy,Advanced,Learn how to use deep learning techniques for solving computer vision problems.,Course Link,,
Deep Learning,Coursera,Basic,A beginner-friendly introduction to deep learning using PyTorch.,Course Link,,
Deep Learning,Coursera,Moderate,Practical deep learning with a hands-on approach using real-world projects.,Course Link,,
Deep Learning,Udemy,Advanced,Learn to build neural networks and deep learning models using TensorFlow 2.0.,Course Link,,
