yash,Machine Learning,AI
yash,Machine Learning,AI
yash,Machine Learning,AI
yash,Natural Language Processing,AI
yash,Machine Learning,AI
yash,Natural Language Processing,AI
it,Machine Learning,nlp
yash,Machine Learning,nlp
yash,Big Data,nlp
yash,Machine Learning,AI
yash,Machine Learning,nlp
ketan,Machine Learning,AI
ketan,Machine Learning,NLP
ketan,Natural Language Processing,NLP
ketan,Natural Language Processing,Natural Language Processing
ketan,Machine Learning,Natural Language Processing
yash,Natural Language Processing,Natural Language Processing
yash,Natural Language Processing,Machine Learning
yash,Machine Learning,AI
